CustomerID,Gender,Age,ServiceLength,ContractType,MonthlyCharges,TotalCharges,Churn
1001,Male,71,23,Two-Year,27.89691621908286,3119.872381036048,No
1002,Female,34,26,One-Year,43.95101699095381,2828.70437154327,No
1003,Male,26,21,Two-Year,99.45782787001903,2137.2980072642777,Yes
1004,Male,50,22,Month-to-Month,23.46702667264833,2201.8272338077068,No
1005,Male,70,58,One-Year,78.28068350834897,2750.434518806596,No
1006,Female,37,7,One-Year,119.54375161913099,3512.5060544769253,No
1007,Male,30,14,Two-Year,105.56960938375394,3540.5158712909642,Yes
1008,Male,45,15,Two-Year,72.14456890435895,941.3001477567029,No
1009,Male,65,53,One-Year,26.364090928664233,2550.552485175472,Yes
1010,Female,46,7,Two-Year,103.13735143857099,2118.5946656670994,Yes
1011,Male,30,9,One-Year,79.89785081772106,4365.582134719983,No
1012,Male,63,51,Month-to-Month,31.493299705956684,3193.9527139700444,No
1013,Male,52,48,Two-Year,29.385728482335622,2709.269925438311,Yes
1014,Male,78,8,One-Year,110.96268194365923,665.4337466766951,No
1015,Female,23,50,Month-to-Month,86.92002629380784,3067.6256576847163,No
1016,Male,35,59,Month-to-Month,102.92867993167555,674.2991378331437,Yes
1017,Female,68,23,One-Year,107.89789002822673,1752.3122202721852,Yes
1018,Female,22,29,Two-Year,77.17723520483221,799.9256275902261,Yes
1019,Female,64,18,One-Year,71.74463517550413,3491.1608704194077,Yes
1020,Male,42,31,Month-to-Month,63.042741032099016,1110.6353577971477,No
1021,Female,19,30,One-Year,51.69465877911193,2020.1109286213273,No
1022,Male,27,52,Two-Year,63.459596085871176,4488.806410332016,Yes
1023,Female,73,39,Month-to-Month,97.38796557301563,1101.1502786549545,Yes
1024,Female,47,35,One-Year,80.19234310151316,2588.244813398018,Yes
1025,Female,67,18,Two-Year,109.2523289954846,2154.431139713508,No
1026,Female,76,59,Month-to-Month,64.33800143791876,188.8078011240757,Yes
1027,Female,62,42,Two-Year,80.7089578718754,3984.5147565067828,No
1028,Female,22,39,Month-to-Month,83.13075530919888,438.32494094153867,Yes
1029,Female,72,17,One-Year,79.16971623063256,2423.849602787073,Yes
1030,Female,73,14,Two-Year,90.26337730855164,2847.3236452008546,Yes
1031,Male,50,31,Month-to-Month,43.74334683748063,3179.2896374114766,No
1032,Male,71,24,Two-Year,71.23637775457907,3474.2949836085904,No
1033,Female,18,35,Two-Year,30.42248028083477,1341.0346792613038,No
1034,Female,35,44,One-Year,58.45113276448126,148.89600562640192,Yes
1035,Female,49,45,Two-Year,68.76670686212644,3644.8739455390687,No
1036,Male,64,34,Month-to-Month,85.22242595454725,2724.717336803135,No
1037,Female,66,3,Month-to-Month,115.05310525862035,4196.9767457155185,Yes
1038,Male,28,37,Month-to-Month,80.06510665483559,4124.802978213402,Yes
1039,Male,38,43,Month-to-Month,94.35939161765597,4232.298222160627,No
1040,Male,43,40,One-Year,70.62660594952027,2476.9638338997465,No
1041,Male,42,26,Two-Year,83.41040313763312,1734.7791396006417,No
1042,Male,39,55,One-Year,27.093221613377345,3978.635192697713,No
1043,Female,76,23,Two-Year,45.4391580841847,2311.3411538433493,Yes
1044,Female,44,44,Two-Year,56.185309320513866,998.8667623768291,Yes
1045,Female,66,39,Two-Year,67.24933550065136,4289.372695851224,Yes
1046,Female,30,15,One-Year,24.564874550238372,4424.543396184502,No
1047,Female,50,56,Two-Year,34.00240975533177,2384.9178050868336,No
1048,Male,51,49,One-Year,47.68143077913058,470.9286638179586,Yes
1049,Female,58,4,Month-to-Month,117.15326909010507,2000.3478405929632,Yes
1050,Female,52,29,Month-to-Month,53.134700710305076,4037.3345313667564,No
1051,Male,18,22,Two-Year,68.20410581120825,4518.69273987652,No
1052,Female,38,25,One-Year,39.60977127383929,1097.0164382382195,Yes
1053,Male,65,13,Month-to-Month,81.07800710757682,428.17069892383046,Yes
1054,Female,72,18,One-Year,48.068321551597435,4399.017220350909,Yes
1055,Male,23,33,One-Year,40.69925784384267,2008.084200996489,No
1056,Female,45,16,Two-Year,71.65726284459791,2754.62872491106,No
1057,Female,34,45,Month-to-Month,20.550579916042082,4843.522479048719,No
1058,Male,22,42,Two-Year,20.766403264922534,426.16716677969197,No
1059,Male,48,44,Two-Year,41.90688091018578,3276.7582365152684,No
1060,Male,22,2,Month-to-Month,23.672136250082115,463.11657061684866,No
1061,Male,55,55,Month-to-Month,30.802575413069135,1939.797749485852,Yes
1062,Male,20,35,One-Year,53.88606493387516,4038.691271447889,Yes
1063,Male,70,42,Month-to-Month,100.25856795798128,2224.0139405026084,No
1064,Male,40,34,One-Year,77.20486433693009,4986.193534124457,Yes
1065,Male,54,30,One-Year,71.26677259564164,2839.390496238351,No
1066,Female,70,59,One-Year,49.348882320812166,1673.694547916172,Yes
1067,Female,54,55,Month-to-Month,113.17537194328163,1178.5454969332905,No
1068,Male,27,13,Two-Year,59.70150412371917,1817.5506180021928,Yes
1069,Female,27,13,One-Year,28.70927667957715,1925.4130414217989,Yes
1070,Female,36,18,Two-Year,81.70665161178013,436.6970208474088,No
1071,Female,34,32,Two-Year,31.383839347660142,1910.9135771911886,No
1072,Female,38,32,Month-to-Month,54.52231428016921,2374.768746722202,Yes
1073,Male,31,35,Two-Year,70.7411938717809,3641.414985970143,Yes
1074,Female,26,59,Two-Year,107.42225246851758,3317.974475135879,No
1075,Male,63,39,Month-to-Month,69.35465803401186,3572.951710622856,Yes
1076,Female,18,46,One-Year,90.22587660316643,140.98204119659977,No
1077,Female,68,52,Two-Year,119.28168389990704,1166.5702579446265,No
1078,Female,62,29,Month-to-Month,33.148911989798165,3342.2530131592966,Yes
1079,Male,30,49,Two-Year,47.473152551951955,2471.547904080761,No
1080,Female,21,29,Two-Year,59.45760755976464,126.03603077489514,Yes
1081,Male,79,53,One-Year,62.18281785388314,4042.0237479159296,Yes
1082,Female,18,44,Two-Year,61.102107526554576,3886.766909122653,No
1083,Male,66,57,Month-to-Month,110.76110025565549,2787.2538986684567,Yes
1084,Female,57,16,Two-Year,91.40326444668564,425.6702963037334,No
1085,Male,49,56,One-Year,80.79052140907038,3855.9237427096646,No
1086,Male,51,44,One-Year,50.93727178627821,2960.196579883683,No
1087,Female,45,47,Month-to-Month,102.37903842212947,3931.6038880739998,Yes
1088,Male,48,57,One-Year,115.5060511484989,3783.560262739618,No
1089,Female,25,10,Two-Year,102.11982825502265,4034.7101525934017,Yes
1090,Female,56,30,One-Year,20.15651051914729,2638.2395253826617,No
1091,Female,43,25,Month-to-Month,83.64013701834071,787.5901391482234,No
1092,Female,75,39,One-Year,25.11353814421007,3388.6716195604745,No
1093,Female,51,20,One-Year,45.76072203337219,3140.321546754656,Yes
1094,Female,71,5,One-Year,25.952470034777168,3737.040617275527,Yes
1095,Female,71,1,Month-to-Month,80.37954529493877,932.416929648603,No
1096,Female,20,30,One-Year,88.65899134926067,1055.378479511417,No
1097,Female,76,49,One-Year,31.448763806590513,4463.006634374709,Yes
1098,Female,67,3,Two-Year,58.38388830449795,3774.891212415147,Yes
1099,Female,29,45,Month-to-Month,65.62365089555419,4550.319594631582,Yes
1100,Male,18,14,One-Year,56.90530217609166,3817.7050737032114,No
1101,Male,71,56,Month-to-Month,32.1025000485193,3026.060999352479,Yes
1102,Female,61,30,One-Year,61.89477901874754,3305.250411436581,No
1103,Female,22,50,One-Year,95.11780478084181,4456.726827306049,Yes
1104,Female,47,4,One-Year,27.100766453325548,2936.1530971085085,No
1105,Female,47,18,Two-Year,28.018001408190344,3198.7174892090984,No
1106,Female,76,37,Two-Year,55.47712918359842,866.7359084176428,No
1107,Female,74,25,Two-Year,114.1725711618925,2422.2139785689033,Yes
1108,Female,34,48,Month-to-Month,86.85726467229141,3610.345848594685,Yes
1109,Female,65,1,Month-to-Month,87.86699566725648,1427.6192217501905,Yes
1110,Male,64,53,Two-Year,56.1919990837865,1091.045484570221,No
1111,Female,40,46,Month-to-Month,79.36607912085384,1637.7513602996362,No
1112,Male,32,15,One-Year,21.01311840277434,1283.3530771648839,Yes
1113,Female,54,9,One-Year,83.60960464095422,1153.0719214783396,No
1114,Female,38,15,One-Year,111.32869475762368,2181.769130053626,No
1115,Male,31,49,Two-Year,81.25734683448192,4548.408718029317,No
1116,Female,19,57,Month-to-Month,107.3698593466345,2584.5922690197194,Yes
1117,Male,28,24,Two-Year,92.39730554660937,1020.8098659950829,No
1118,Female,68,4,Month-to-Month,32.055841640369025,477.161179966283,Yes
1119,Female,56,12,One-Year,110.24533072858418,3511.1651111758338,Yes
1120,Male,55,59,Two-Year,26.64438443557749,1975.7139457383003,Yes
1121,Female,77,58,Month-to-Month,73.39674725477639,4126.97163826826,Yes
1122,Male,51,37,Month-to-Month,34.213712379345765,3331.602766339774,Yes
1123,Female,55,37,One-Year,21.170661073090407,4001.5831076527056,No
1124,Male,67,43,Two-Year,62.2034260127639,1432.5355931503989,Yes
1125,Male,51,6,Two-Year,49.50407076541562,3492.558720059185,Yes
1126,Female,35,39,Two-Year,68.60004937976029,1393.903724999222,Yes
1127,Female,47,56,One-Year,77.71998867345508,4701.435549306429,No
1128,Male,32,46,Two-Year,24.373907230894737,3218.2339795135345,No
1129,Female,44,24,One-Year,32.30032951237456,1690.1078208591762,No
1130,Female,68,11,One-Year,75.86423964504255,1420.608125232136,No
1131,Female,51,13,One-Year,54.316735317265824,1035.5402668510533,Yes
1132,Male,69,34,Month-to-Month,92.9173487549448,3503.7406985792663,Yes
1133,Male,74,25,Two-Year,85.22916485919397,1171.7065036898437,No
1134,Male,55,7,Two-Year,104.56043629899068,3016.986003044696,No
1135,Male,50,52,One-Year,89.24928266692253,1396.711631934251,No
1136,Male,41,4,One-Year,62.99310773901481,3343.647829489956,No
1137,Male,32,59,Two-Year,87.29666223944324,4093.204669848642,Yes
1138,Male,77,8,One-Year,47.538117425541856,3912.3236914088006,No
1139,Male,47,20,Two-Year,50.631349877821265,3828.1715215608306,No
1140,Male,72,29,Month-to-Month,98.89851599207933,1019.8397878920351,No
1141,Female,59,54,One-Year,64.64195164015823,533.0862402241416,No
1142,Male,68,53,Two-Year,99.83803405183525,3524.8492595881894,No
1143,Female,34,51,One-Year,102.24223736682784,1904.9013475923214,No
1144,Female,22,45,Two-Year,105.75623376612837,2218.4965093764017,No
1145,Female,46,46,Two-Year,111.66352358412072,252.6305546876162,Yes
1146,Male,21,10,One-Year,63.098522051329624,1371.924601447741,Yes
1147,Male,27,43,Month-to-Month,51.88668183211388,265.0143789848737,Yes
1148,Male,73,34,Two-Year,78.21987465941139,4408.010285746113,Yes
1149,Male,34,57,Two-Year,57.117242343762754,1292.6437477707993,Yes
1150,Female,27,26,Two-Year,80.1074166800233,2830.9521309077395,Yes
1151,Male,34,41,Month-to-Month,90.55858626438246,290.998671239539,No
1152,Male,77,49,Month-to-Month,88.84050184921368,3367.5522173977247,No
1153,Male,37,58,One-Year,57.45528870201213,1682.8339941950599,Yes
1154,Male,41,3,Month-to-Month,36.68602016987528,4499.804016092562,No
1155,Male,22,56,One-Year,63.05293384622075,4451.779125776776,Yes
1156,Female,51,6,One-Year,34.25941440819088,1693.924029972564,No
1157,Male,23,5,Month-to-Month,109.00970351838083,4514.708388883293,No
1158,Female,70,5,One-Year,54.58774607378574,4981.1726001440165,No
1159,Male,19,54,Month-to-Month,35.44597472233238,4144.536754207345,No
1160,Female,30,47,One-Year,22.544775990575086,4239.869604000622,No
1161,Male,79,23,Month-to-Month,84.58223862864843,1320.1428069345407,No
1162,Male,60,49,Month-to-Month,83.69023174547432,2925.841754403006,Yes
1163,Female,60,9,One-Year,54.060416658129164,429.55397844010247,Yes
1164,Female,65,35,Two-Year,27.1711888847651,565.0978904261816,No
1165,Female,28,20,One-Year,60.9628894895232,4994.573798963124,Yes
1166,Male,68,58,Month-to-Month,51.121749506339356,1700.5323221869635,No
1167,Female,64,49,Two-Year,87.71206397350093,3766.101169039347,Yes
1168,Male,74,59,One-Year,80.57792494526903,4052.658759831401,No
1169,Male,40,42,One-Year,56.459372819754,4304.314027935423,Yes
1170,Female,72,35,One-Year,41.78925542549901,4988.378657270567,No
1171,Female,33,50,Two-Year,118.80359661555919,1283.3327777586524,Yes
1172,Male,48,18,Month-to-Month,65.40016211961148,297.7190516125286,No
1173,Male,28,17,One-Year,88.82742357802371,2114.8384381734713,Yes
1174,Female,71,24,One-Year,34.055296757836075,737.3952821618401,No
1175,Female,33,3,One-Year,68.55896996593978,209.8868568940701,No
1176,Female,25,32,One-Year,22.75367198694655,1866.091452993282,No
1177,Male,21,35,One-Year,70.54551179104499,3940.3174302686584,Yes
1178,Male,57,38,Month-to-Month,116.40174071177023,2874.285387002847,Yes
1179,Male,21,13,Month-to-Month,58.420671298580025,1632.612147130735,Yes
1180,Male,73,56,One-Year,23.89960125749116,3306.2758269143264,No
1181,Male,42,47,Two-Year,23.095579091934354,1236.8890835131724,Yes
1182,Male,20,25,Month-to-Month,58.798675994686946,170.46908575321663,No
1183,Female,49,9,Two-Year,36.00249364631941,3845.331593538494,Yes
1184,Male,20,4,Month-to-Month,22.33520963281859,3156.3411158336444,Yes
1185,Male,44,14,One-Year,95.62136139501769,3835.282860054704,Yes
1186,Male,46,37,Month-to-Month,65.85230088818906,290.79628176956146,Yes
1187,Female,49,34,One-Year,48.92447719726545,4201.886176370196,No
1188,Male,67,11,Month-to-Month,110.00831830164807,3135.678380177886,Yes
1189,Male,78,41,One-Year,31.61389602005256,2860.6372184919364,Yes
1190,Female,75,56,One-Year,115.59188289553192,3160.608835761205,No
1191,Male,68,3,One-Year,51.39667173773528,4335.722909654984,No
1192,Male,36,59,One-Year,108.84036723086813,2975.9888821386444,Yes
1193,Male,38,28,Two-Year,80.29428764794616,2946.656861452079,Yes
1194,Male,22,29,One-Year,102.67073597414874,4954.327869622252,No
1195,Male,35,9,Two-Year,118.40131632104642,3807.977818635983,No
1196,Female,45,3,Two-Year,48.84054378187457,2267.2396467105627,No
1197,Female,59,25,One-Year,116.1135485407593,3566.2453001613458,Yes
1198,Female,78,34,Two-Year,58.94818949024204,2007.2293112897635,Yes
1199,Male,39,12,Month-to-Month,58.55119047369223,1221.489766169145,Yes
1200,Male,38,42,One-Year,54.03871042545057,3024.574196750021,No
1201,Male,23,9,Two-Year,74.14076073475852,4648.092280758362,No
1202,Female,18,15,One-Year,35.41450431784871,4652.783648075768,No
1203,Male,22,40,One-Year,75.37114853580113,1775.3358627169025,Yes
1204,Male,58,25,One-Year,74.1704812410004,2685.6195844863055,No
1205,Female,29,5,Two-Year,96.190181260487,1137.01590299232,Yes
1206,Male,43,11,Month-to-Month,103.36499619375856,4978.592436544529,No
1207,Female,63,59,Month-to-Month,64.0441350312424,4907.477748552885,Yes
1208,Female,51,34,Two-Year,50.233324935149376,3282.593755566492,Yes
1209,Female,66,24,One-Year,45.93348973170944,4041.6288924196197,No
1210,Male,31,15,Two-Year,39.46238367048719,3603.99079029013,Yes
1211,Male,43,38,Two-Year,25.76475821990249,3006.4752732933944,No
1212,Male,62,8,Two-Year,54.244797883471335,361.4051852455987,Yes
1213,Male,44,59,One-Year,47.02476921307833,2328.3452785080394,No
1214,Male,26,5,Two-Year,116.64173858664074,3406.4528806203116,No
1215,Male,43,48,One-Year,75.77088262500439,3419.9049080300547,Yes
1216,Male,74,26,Two-Year,54.72770390305075,1928.3008302696796,No
1217,Female,64,18,Month-to-Month,78.0467600993696,4714.29073462435,Yes
1218,Male,74,6,Two-Year,33.91967013456955,920.0494579602268,No
1219,Female,39,37,Two-Year,64.40437492022029,2551.761286456247,No
1220,Male,64,48,Month-to-Month,82.62343214210638,3485.331485099032,No
1221,Male,73,13,One-Year,68.88978317924514,3515.965448869865,No
1222,Male,47,28,One-Year,60.177880065432426,3278.330888167196,Yes
1223,Female,60,5,Two-Year,119.38483888996981,1448.9122459141147,No
1224,Female,65,13,Month-to-Month,108.0314762148927,865.4121865644477,No
1225,Female,78,17,One-Year,82.34059581594401,3216.107601450883,Yes
1226,Female,34,50,Two-Year,76.93773611822829,3036.580369083245,Yes
1227,Male,43,40,Month-to-Month,82.0660479824584,978.8444504172808,Yes
1228,Female,53,45,One-Year,40.13121078224333,3555.1818132957605,Yes
1229,Male,18,32,One-Year,59.51377432643186,2330.342759494916,Yes
1230,Male,25,29,Month-to-Month,23.945953289089932,3372.0268988554494,Yes
1231,Female,66,51,Month-to-Month,67.55460374868267,4203.098690873739,No
1232,Female,52,58,Month-to-Month,74.30245839576631,931.6693000269235,Yes
1233,Female,78,3,Month-to-Month,42.774973610320956,193.80985318449973,No
1234,Female,69,56,Two-Year,116.40288471655137,3917.602673339355,Yes
1235,Female,32,40,Month-to-Month,110.9454610937242,3087.517383247818,No
1236,Female,64,34,One-Year,92.21432354559059,3528.233891148396,No
1237,Female,73,40,One-Year,73.33866287653626,4206.959377444348,No
1238,Female,39,27,Two-Year,106.99691596476849,4033.7735806400524,Yes
1239,Male,31,13,One-Year,33.06523438234629,4808.508719951241,Yes
1240,Female,43,45,One-Year,99.0509794274885,2726.0818863753793,Yes
1241,Female,45,33,Month-to-Month,32.48208139668483,2493.6286000335363,Yes
1242,Male,40,6,One-Year,99.42106625494054,2069.2472794645773,No
1243,Female,31,24,Two-Year,47.576756825135696,853.0861099366023,Yes
1244,Male,41,19,Month-to-Month,107.7090581018189,2905.77544112191,No
1245,Male,19,16,Month-to-Month,114.40420938253979,1457.361369197296,No
1246,Female,62,40,Two-Year,34.87959694051156,4614.40680984358,Yes
1247,Male,43,28,Month-to-Month,66.26756050653935,2957.6349409577783,Yes
1248,Male,31,33,Month-to-Month,118.09873781626851,3004.91688448974,Yes
1249,Male,76,59,Two-Year,68.34074359731466,1839.130838297349,No
1250,Male,73,59,Month-to-Month,106.35475225145451,354.7478246907667,Yes
1251,Female,68,48,Two-Year,78.87315221313199,255.54445032764423,No
1252,Male,24,41,Two-Year,57.53299079196019,2174.3422063506678,Yes
1253,Female,20,13,One-Year,48.57835555258702,514.3703526764655,No
1254,Male,64,43,One-Year,40.32230910860873,3073.5500821466817,Yes
1255,Male,40,45,Month-to-Month,96.17981913776973,4416.767727634321,Yes
1256,Male,63,25,Month-to-Month,58.65405068230279,4426.282600941739,No
1257,Male,60,53,Two-Year,71.12754622007512,3329.3225096479387,Yes
1258,Female,64,42,Month-to-Month,69.23254800011819,1135.0359742173619,Yes
1259,Female,77,36,Two-Year,77.72790292331312,4328.6844736584735,Yes
1260,Male,62,27,Two-Year,106.55771456245522,4441.85783303472,Yes
1261,Male,35,38,Month-to-Month,118.07393435834294,1063.6025662694976,Yes
1262,Female,75,7,Two-Year,60.758420857381694,3713.3878202763185,Yes
1263,Male,55,5,One-Year,102.7518922106303,1503.9457897429024,Yes
1264,Male,52,43,Month-to-Month,96.45277946547176,4032.937530529355,No
1265,Male,68,45,One-Year,77.35289514555733,4986.465709527653,No
1266,Female,32,58,Month-to-Month,115.60471436119332,247.1274261140248,Yes
1267,Female,42,57,Two-Year,40.04745155284028,4497.092742375567,Yes
1268,Female,72,51,Month-to-Month,30.92642103096214,3150.8896146334246,Yes
1269,Male,54,31,One-Year,105.39619669554222,4869.5748339076235,No
1270,Male,45,23,Two-Year,63.91498166337483,2378.546635879495,No
1271,Female,27,42,Month-to-Month,104.69688542070605,4252.200859799731,Yes
1272,Female,56,10,Month-to-Month,109.30902051954149,405.73093613155845,No
1273,Female,74,32,Month-to-Month,26.245759361907144,1742.867345383649,Yes
1274,Female,34,43,One-Year,108.34647629860606,428.38103498092886,Yes
1275,Male,56,53,One-Year,64.83190553694222,4879.181354047446,Yes
1276,Female,39,30,Month-to-Month,71.04324890042322,4103.172145632,Yes
1277,Male,43,39,Two-Year,82.65925110932102,4277.482364105255,No
1278,Female,79,31,Two-Year,112.63826067300867,4696.029634026082,No
1279,Male,61,18,One-Year,21.911609442976403,517.0070819869482,Yes
1280,Female,42,36,Two-Year,67.68434683178171,1989.4282033153336,No
1281,Female,34,2,One-Year,88.77220424305607,448.07095631561043,No
1282,Female,30,14,Month-to-Month,92.27069576982285,1132.8861975951402,Yes
1283,Female,37,13,One-Year,89.2532431537108,1223.8923074845945,No
1284,Male,42,29,One-Year,33.443512940812184,2398.6253341331358,Yes
1285,Female,21,12,Month-to-Month,49.93955883716812,1415.9546205228487,Yes
1286,Male,27,39,Two-Year,55.87155254170135,594.7927234070294,Yes
1287,Male,20,2,One-Year,100.4437207679505,920.7063365611277,Yes
1288,Male,58,32,One-Year,47.875987241455306,821.6502614052455,No
1289,Male,62,13,Month-to-Month,41.070496386720315,4868.076309770262,Yes
1290,Female,35,46,Two-Year,115.74480190380962,3820.5332839005205,No
1291,Male,64,27,One-Year,20.88632851134689,4842.031179820854,Yes
1292,Male,53,49,Month-to-Month,119.78208556819781,2254.728383888752,Yes
1293,Male,64,41,One-Year,87.68212988573956,1464.0055601470174,No
1294,Female,39,17,Month-to-Month,102.84692994491171,4011.6366663250146,Yes
1295,Female,51,40,Two-Year,49.46193963461931,1698.6441984016192,No
1296,Female,64,31,Two-Year,21.431527766705997,1566.9785311562066,No
1297,Female,25,34,Two-Year,93.78695185615301,1239.2793618183728,Yes
1298,Male,57,24,Two-Year,103.41445970006758,735.4269932987532,Yes
1299,Male,66,45,One-Year,94.04761319535191,1356.6689989821532,Yes
1300,Female,61,35,One-Year,34.28502873008386,1841.0667675220498,Yes
1301,Male,36,48,Two-Year,95.34279222569691,3402.571619914079,Yes
1302,Male,59,6,Two-Year,96.8922782107641,406.5677268753127,Yes
1303,Male,58,19,Two-Year,85.85405156700548,1131.4840043601805,No
1304,Female,54,30,One-Year,96.61159327955862,4064.2158374292144,No
1305,Female,23,7,Two-Year,104.59214396777321,819.9174255604768,Yes
1306,Male,69,10,Two-Year,81.36041142374584,1778.9612179603555,No
1307,Female,43,41,Two-Year,28.860471396967906,4336.828717104886,No
1308,Female,51,32,Month-to-Month,68.7627809667211,859.134024602869,Yes
1309,Female,76,34,Two-Year,27.764933467160507,505.4104945291305,Yes
1310,Female,73,28,Month-to-Month,60.75430310324308,2474.236175892053,No
1311,Female,76,15,Month-to-Month,60.71064891256276,1581.8556052648282,Yes
1312,Male,62,30,Two-Year,26.600984414024158,2860.700985970885,No
1313,Female,23,37,Month-to-Month,54.88205339694793,4038.6439633690284,Yes
1314,Male,54,29,Two-Year,31.099809879131485,772.0275919484415,No
1315,Male,74,22,One-Year,100.82352100092221,2945.425514315996,No
1316,Female,50,4,One-Year,114.76880259644707,2576.9929259103333,No
1317,Male,70,20,One-Year,27.23164752579386,805.9860514646779,No
1318,Male,39,32,One-Year,115.51152072917014,3157.5925790920137,Yes
1319,Male,38,36,Month-to-Month,72.25765993367452,1440.838047517781,Yes
1320,Female,23,50,Two-Year,49.956567795387386,2490.388160865661,No
1321,Female,23,4,Two-Year,27.68620752761635,503.1343889576032,No
1322,Male,72,27,Two-Year,70.06242680704179,2351.961880346753,Yes
1323,Female,65,17,One-Year,99.45155444907486,1601.6709934098196,Yes
1324,Female,21,12,One-Year,90.70864772666981,4129.667934808236,No
1325,Female,47,22,Two-Year,25.022601146397378,379.19576228710457,No
1326,Female,28,17,One-Year,27.29018353679035,2151.1756470998166,No
1327,Male,79,10,Two-Year,60.28732826326371,2346.313978244046,No
1328,Male,79,54,Two-Year,49.52904940479433,3652.529773865682,No
1329,Female,47,1,Two-Year,43.23843230560478,2914.0091179420338,Yes
1330,Female,48,22,Two-Year,48.10044989087136,3369.340452251487,No
1331,Male,41,26,Two-Year,100.34827432968846,3907.541499693605,Yes
1332,Male,72,56,Two-Year,112.92280536318539,4324.794570925125,Yes
1333,Female,26,59,Two-Year,60.510269452756646,1637.9899339401054,Yes
1334,Male,72,18,One-Year,110.61110021324971,2736.3112562831243,No
1335,Female,20,50,Two-Year,52.1495701247882,4216.52958435208,Yes
1336,Female,68,14,Two-Year,67.64369863437916,4948.310541728776,Yes
1337,Male,48,47,One-Year,42.60289978159997,4458.6446241144395,Yes
1338,Male,57,29,One-Year,84.0476042175844,1920.1895868594463,Yes
1339,Female,54,12,One-Year,117.89811151748088,1056.315934371387,No
1340,Female,53,36,Two-Year,80.34930960433786,2498.0234332922846,No
1341,Male,41,59,Month-to-Month,55.78140841135489,3734.043113996607,Yes
1342,Female,48,35,Month-to-Month,84.78174459905284,2513.588446691158,Yes
1343,Male,23,52,One-Year,32.29206784653876,2467.5862302369756,No
1344,Female,19,12,Month-to-Month,108.86590802653987,4207.329063300823,No
1345,Male,37,7,One-Year,70.30839507798363,1870.8785174292132,No
1346,Male,45,29,Two-Year,64.9349742039642,4312.993906577063,Yes
1347,Male,28,11,Month-to-Month,78.58647884535192,2093.3435246634454,No
1348,Female,21,33,Two-Year,82.47838627894025,1708.3422178238632,Yes
1349,Female,32,6,Month-to-Month,27.177580622651302,2324.550564878525,Yes
1350,Male,23,47,Two-Year,88.26172212234025,3835.9900975068554,No
1351,Female,71,15,Month-to-Month,44.19316803155296,717.409936533572,Yes
1352,Male,66,32,Two-Year,91.39526325065899,1062.454157772885,No
1353,Male,47,51,Two-Year,102.25347943841967,4762.079645749151,Yes
1354,Female,73,11,Month-to-Month,100.39585075525203,959.9089741686512,No
1355,Female,55,58,Two-Year,75.2500967407889,2881.8638578621676,Yes
1356,Male,68,23,Two-Year,72.01698923107512,2938.6408866434954,Yes
1357,Female,79,26,Two-Year,34.28759613394117,2499.1598640461993,No
1358,Female,74,34,Month-to-Month,97.53461504031355,3259.2517180264113,No
1359,Male,19,46,Month-to-Month,47.14093804467144,1226.1509564083303,No
1360,Male,32,34,Two-Year,69.66954228179466,2808.0451121060664,No
1361,Female,28,29,Two-Year,48.42740929275167,1923.648950709796,Yes
1362,Male,25,4,Month-to-Month,33.38283629996931,3342.1695721830265,No
1363,Male,43,17,Month-to-Month,82.95576968917365,791.9953625284323,No
1364,Female,68,35,Two-Year,25.43320348229038,2897.2993425134337,Yes
1365,Male,62,13,Two-Year,94.86452341262,1007.8247413782861,No
1366,Male,61,41,Two-Year,51.75867952611166,1465.3510092636784,No
1367,Female,22,39,One-Year,20.01346930044853,1171.6780215855579,Yes
1368,Female,23,15,Month-to-Month,71.11291392372297,995.9051213572038,No
1369,Male,43,55,One-Year,24.685190852760314,4145.983662647268,No
1370,Male,71,29,Month-to-Month,47.616955782089946,1499.9670815383627,No
1371,Female,21,29,Month-to-Month,90.69764874557161,4642.906531135802,No
1372,Female,36,11,Month-to-Month,26.268962162186586,4852.639974191436,No
1373,Female,37,52,Month-to-Month,103.93384923560023,2899.176302691777,No
1374,Female,50,32,Month-to-Month,20.38199226585831,800.7055010620594,Yes
1375,Male,37,2,Month-to-Month,44.682386920190226,1935.2863925599481,No
1376,Female,66,47,Month-to-Month,94.09040561520715,4008.8880904062485,Yes
1377,Female,29,14,One-Year,51.62701497293068,1900.2145706156452,Yes
1378,Male,64,20,Two-Year,30.189238806601352,526.3843696836648,Yes
1379,Female,18,22,Two-Year,56.02339188004279,2828.2460635481207,Yes
1380,Male,43,11,One-Year,47.03932863845255,4241.09217233057,No
1381,Female,31,27,One-Year,104.27119021605549,4000.0392970031617,No
1382,Female,55,3,One-Year,51.334791758514314,958.1033866387309,No
1383,Female,54,17,One-Year,98.89324717760073,3396.546610621087,Yes
1384,Male,79,44,Month-to-Month,109.18721448107347,1180.4708908346709,No
1385,Male,28,56,Two-Year,63.381741957652956,1169.2169193056438,No
1386,Female,53,28,Month-to-Month,110.9943143854392,4382.951689195407,No
1387,Male,30,29,Two-Year,57.73180539631929,1323.3778684271279,Yes
1388,Male,60,21,Two-Year,116.40784164901082,1389.911997938255,Yes
1389,Male,20,47,One-Year,28.928952452557294,103.20161473036782,No
1390,Male,50,16,Month-to-Month,88.70192665032427,4366.278267215037,Yes
1391,Male,23,37,One-Year,69.38140404569288,3983.7145847247602,Yes
1392,Male,67,59,Month-to-Month,58.76488054556471,3173.9117819443222,No
1393,Female,73,20,Two-Year,83.27118787486009,3776.302243300327,Yes
1394,Female,27,6,One-Year,90.38570916343312,845.0379803800098,Yes
1395,Male,22,19,One-Year,20.436326965030908,2345.7856134791195,No
1396,Female,40,57,Two-Year,36.69530887471987,1820.9749980090264,Yes
1397,Female,27,5,Two-Year,91.30460506343186,559.5049786593809,Yes
1398,Female,61,3,Two-Year,86.63854135782064,2482.039377553128,Yes
1399,Female,19,59,One-Year,116.60475051286772,4611.624286678913,Yes
1400,Male,30,1,Month-to-Month,96.1037790250783,296.28968334840295,Yes
1401,Female,57,58,One-Year,115.0772707731338,1528.15847611959,Yes
1402,Female,19,38,Month-to-Month,90.25405015348069,1116.9505874079468,Yes
1403,Male,37,15,One-Year,49.805220863944314,1266.918602961912,Yes
1404,Male,18,34,One-Year,30.536492225085645,4551.329304208939,No
1405,Female,54,35,Two-Year,98.18238633449356,2393.5383657480215,No
1406,Female,26,49,Month-to-Month,84.4149221475916,2384.867123405112,No
1407,Female,34,25,One-Year,24.818601239329624,3826.820648030883,No
1408,Female,26,24,One-Year,56.005046590097834,857.0117996241364,Yes
1409,Female,28,12,Two-Year,115.67998154842861,2487.600235090249,No
1410,Female,32,18,Two-Year,70.04011457102013,2206.9275491931926,No
1411,Male,41,15,Month-to-Month,63.272913601970465,3024.862383678615,Yes
1412,Female,55,44,One-Year,65.7699605159294,4997.832745927149,Yes
1413,Female,72,16,Month-to-Month,40.88827240051637,3870.2995810020307,Yes
1414,Male,52,27,One-Year,56.87071708647952,2049.5419447853933,Yes
1415,Male,47,8,Month-to-Month,56.98132559871766,4155.009956142831,Yes
1416,Male,48,46,Two-Year,25.23550201874724,936.4709802311529,No
1417,Male,66,25,One-Year,96.75676285179182,249.27206291390462,Yes
1418,Female,22,17,Month-to-Month,61.6504431903879,1101.7970250749381,No
1419,Female,79,29,Two-Year,102.21798868164232,1768.0166249598724,No
1420,Female,77,53,Two-Year,105.03480011198954,2601.8457115518436,Yes
1421,Female,61,8,Month-to-Month,41.19940546986581,3114.1327886518793,No
1422,Female,67,15,One-Year,85.73534821701286,4561.968014350667,No
1423,Female,31,27,One-Year,67.22818041629817,2598.2846467972427,Yes
1424,Male,70,46,Two-Year,108.0156737921485,2556.250658666074,No
1425,Female,73,50,One-Year,41.57406791764541,346.19074813261244,No
1426,Male,28,52,One-Year,87.78132003100443,271.0666080154966,No
1427,Male,26,7,One-Year,80.77521222527226,2800.683813390223,Yes
1428,Female,51,3,Two-Year,49.53014775718328,2247.075204916888,Yes
1429,Male,29,29,Month-to-Month,33.66009036511726,4211.983935403463,Yes
1430,Female,52,44,One-Year,85.16397604772766,887.3299650880414,No
1431,Male,52,53,Two-Year,93.85974581323308,222.36114437354303,Yes
1432,Female,18,24,Two-Year,51.562734376335,2300.289962857617,No
1433,Male,57,58,Month-to-Month,84.48326040223138,1263.6449280860618,Yes
1434,Female,39,3,One-Year,59.51309076115032,343.1104293603035,No
1435,Female,77,20,One-Year,91.32068832826177,3650.5316055533817,Yes
1436,Female,46,46,Month-to-Month,39.92152748940531,646.8056997905127,Yes
1437,Female,25,15,Month-to-Month,109.02150026361744,3080.765550038081,No
1438,Female,28,25,Two-Year,48.74095964655797,1477.143775817757,Yes
1439,Male,58,30,Two-Year,56.77859877561529,950.1306467396079,No
1440,Male,54,14,Month-to-Month,25.80919520803498,1960.7824623046556,Yes
1441,Male,31,7,One-Year,31.15122123212764,4027.084303492473,Yes
1442,Female,77,17,Two-Year,71.58619027123281,2021.2585268324062,No
1443,Male,47,44,Two-Year,46.75926767279715,3778.771281134173,No
1444,Female,52,20,One-Year,103.54802257421944,714.8828543158384,No
1445,Female,38,36,Two-Year,21.469338865495384,3886.5799563588876,Yes
1446,Male,54,9,One-Year,57.90940486719362,1260.9732920425784,No
1447,Male,22,38,One-Year,53.73455467690927,3419.2263364554765,Yes
1448,Female,36,48,One-Year,21.932763091760105,2872.329618720882,No
1449,Male,76,57,Month-to-Month,32.43683990005103,4652.809114337268,No
1450,Female,31,22,Month-to-Month,61.36426749186353,1997.8803380790387,No
1451,Female,43,54,Month-to-Month,69.28645844474465,424.2094252887582,No
1452,Female,79,53,One-Year,60.42897472548691,193.86187920113923,No
1453,Female,21,53,One-Year,73.09376784120938,4151.60694876649,No
1454,Female,42,2,Month-to-Month,79.51316749056815,2671.2046245410174,Yes
1455,Male,62,24,Two-Year,20.992382112783563,3898.6958539912516,No
1456,Male,59,8,One-Year,66.40951594535039,1248.685440056422,Yes
1457,Female,42,11,Two-Year,116.34992408875883,1790.9103530148452,No
1458,Female,35,13,Two-Year,71.90322801295487,247.5089738354628,No
1459,Male,57,17,One-Year,87.75422674589532,4811.31239041315,No
1460,Male,25,8,One-Year,51.18638579168832,3372.5527428339856,Yes
1461,Female,56,21,Two-Year,97.39913781527625,4672.704930020601,Yes
1462,Male,57,18,Two-Year,97.2921481876115,1400.9323964024543,No
1463,Female,31,30,Month-to-Month,72.12960476541389,3096.171695005738,Yes
1464,Male,49,18,Month-to-Month,117.60138232792136,3424.649844633925,No
1465,Female,68,46,One-Year,32.55502147626534,1655.9935312621833,No
1466,Male,78,47,Month-to-Month,21.6947664889581,4255.735251576587,Yes
1467,Female,55,31,Month-to-Month,97.0158211757096,4741.091168211215,Yes
1468,Male,50,38,Month-to-Month,100.71555373648826,4435.790076710421,Yes
1469,Male,40,32,Month-to-Month,32.02072291205762,3721.4281821029253,Yes
1470,Female,32,11,Two-Year,46.558283295860605,1459.5769306522748,No
1471,Male,50,45,One-Year,21.75523633666289,1479.9186063175955,Yes
1472,Female,42,25,Month-to-Month,49.33086107805647,4820.465570185585,Yes
1473,Male,34,33,Two-Year,97.31418739186715,150.39403008489094,No
1474,Female,50,38,Two-Year,71.79605277125789,3608.644868886508,Yes
1475,Male,64,41,Two-Year,54.80955931682881,3560.6061965207846,Yes
1476,Female,72,8,Month-to-Month,57.17392949063303,3151.1787506540077,Yes
1477,Male,19,11,Month-to-Month,20.135362571546814,4951.533345825643,Yes
1478,Female,31,22,One-Year,49.98005275652359,1628.2092352422537,No
1479,Male,70,51,Month-to-Month,84.64587416379305,1765.862132586916,No
1480,Female,57,24,Month-to-Month,117.41944438163571,486.80307443812217,Yes
1481,Female,57,41,Two-Year,104.70608269838995,2269.7108690643136,Yes
1482,Female,68,17,One-Year,22.35949646455291,1379.1377785507557,No
1483,Male,56,12,Month-to-Month,109.85606046748393,1782.5948406704567,Yes
1484,Female,68,57,Month-to-Month,98.3198413298626,4189.401772252575,Yes
1485,Male,23,46,Two-Year,98.03761235709804,4683.874116284729,Yes
1486,Female,23,32,Two-Year,65.79957590035715,1010.0920528254096,Yes
1487,Male,20,15,Month-to-Month,59.80052929545028,1925.2937646119829,Yes
1488,Female,24,16,One-Year,50.29157288331926,4650.289754365431,Yes
1489,Male,68,54,One-Year,26.56948589543658,402.8614573771909,Yes
1490,Male,25,22,Two-Year,42.82353634936991,552.5665877457548,Yes
1491,Female,59,28,Two-Year,44.660363497802464,897.6758471105239,Yes
1492,Male,69,20,Month-to-Month,68.40770697102016,3016.542887221686,No
1493,Male,32,33,Two-Year,94.7444406596694,837.3141279293876,No
1494,Female,64,10,Month-to-Month,67.38098283979465,4843.574269108594,No
1495,Male,46,40,One-Year,25.78444494471606,2288.9011835667498,Yes
1496,Male,50,32,One-Year,115.77898009882038,2557.438005715815,Yes
1497,Male,69,50,Month-to-Month,114.27243190941122,1308.6272174464918,No
1498,Female,47,33,Two-Year,98.51895431484084,2407.705236930194,Yes
1499,Male,56,2,One-Year,119.13279015642206,3343.3767999213565,No
1500,Female,44,33,Two-Year,74.4482332800263,3780.7679710748093,Yes
1501,Male,53,33,One-Year,116.27683502532061,3793.953605278574,No
1502,Male,46,41,Month-to-Month,27.560504061675076,2931.666452201033,No
1503,Male,55,13,Month-to-Month,56.568074826137135,4531.3628974699,No
1504,Female,74,30,Month-to-Month,42.53812680067658,4105.298451799936,Yes
1505,Male,50,33,One-Year,39.583308413427005,3809.5357620232644,No
1506,Male,78,13,Two-Year,34.080294889267606,372.46705623425703,Yes
1507,Female,54,52,Two-Year,82.24136415659967,133.70201487628162,Yes
1508,Male,44,26,Two-Year,98.1321855747305,1140.9916582578176,Yes
1509,Female,72,22,One-Year,77.82983994203607,3351.265610175916,Yes
1510,Female,50,39,One-Year,34.69627095882097,2114.8676955244746,Yes
1511,Male,79,2,One-Year,101.11237699334708,2071.7906705666273,Yes
1512,Female,21,38,One-Year,83.59547071637286,4434.475752325107,Yes
1513,Male,39,39,One-Year,58.81657061269955,4488.25795584601,No
1514,Female,19,26,Two-Year,87.4130295536063,4554.95879386257,No
1515,Female,27,46,One-Year,45.99049792428329,1638.0025749236338,No
1516,Male,22,58,One-Year,54.51922084942105,3486.1734824223827,Yes
1517,Female,76,50,Two-Year,111.74858431319902,1431.0025882444113,Yes
1518,Female,27,15,One-Year,49.050450567142036,1033.9881820648038,Yes
1519,Female,50,34,Two-Year,66.99882681579366,1004.6990410021092,Yes
1520,Female,71,42,Two-Year,109.01411373960147,1776.3273422316108,No
1521,Female,55,55,Month-to-Month,90.77213502675275,2206.792336921126,Yes
1522,Male,30,44,Month-to-Month,26.220322616470277,4171.650938169835,No
1523,Female,48,49,Month-to-Month,34.73030442789703,687.4663580162893,Yes
1524,Male,64,40,Month-to-Month,20.78415907719168,3701.1366522349817,No
1525,Female,53,11,One-Year,83.09217902291634,2704.1290795275963,Yes
1526,Male,62,3,Month-to-Month,64.76734254104184,1510.9321791123632,No
1527,Male,41,59,Two-Year,33.42748509022755,2514.8159642108403,Yes
1528,Female,69,6,One-Year,115.79341210567705,1569.716141907411,No
1529,Female,73,9,Month-to-Month,72.96597239456199,3020.8015806676995,Yes
1530,Female,32,6,Two-Year,44.18932941128892,2225.8352219906965,No
1531,Male,46,9,One-Year,70.06035711547077,905.5870924865058,No
1532,Female,25,39,One-Year,87.96203327351078,671.257065322914,Yes
1533,Male,22,31,Month-to-Month,27.62392179735645,2778.8088421534376,No
1534,Male,46,32,One-Year,47.4703815047892,4521.823863101907,Yes
1535,Male,64,41,Two-Year,100.69654908839937,1785.392664132659,Yes
1536,Female,21,50,One-Year,65.96648704026612,3691.7005253908537,Yes
1537,Female,29,12,Two-Year,74.65771420322949,3327.440639204858,No
1538,Male,62,8,One-Year,63.28160022094693,4664.619080116457,No
1539,Male,19,8,Month-to-Month,24.389994264300512,4122.80698476579,Yes
1540,Female,44,50,Two-Year,36.5749779820156,2876.3657686367687,Yes
1541,Male,48,28,One-Year,64.55416387418909,3319.4494413471257,No
1542,Female,68,20,One-Year,40.91854654079278,4502.093686261771,No
1543,Male,68,47,One-Year,24.997902865967873,2057.6420444759806,No
1544,Female,53,59,Two-Year,104.36496640518237,1701.2940587031092,Yes
1545,Male,53,7,Two-Year,118.11925291641158,152.97430981246205,Yes
1546,Female,43,11,Two-Year,99.31428739967394,4150.100263538175,Yes
1547,Male,60,20,Month-to-Month,105.3784921704667,4024.805431976488,Yes
1548,Female,44,16,Month-to-Month,44.19771303170454,611.8271386907418,Yes
1549,Female,22,4,Two-Year,116.06269755131997,2926.6011675502314,No
1550,Male,37,6,One-Year,39.69257044534284,2373.510321017748,Yes
1551,Male,28,58,Month-to-Month,115.14298103618323,681.6745679946462,No
1552,Female,79,22,Two-Year,119.4819293965951,4904.784312597545,No
1553,Male,27,26,One-Year,91.17228057460487,1152.0098485704416,Yes
1554,Female,57,3,Month-to-Month,118.1143731791822,429.4474824437496,No
1555,Male,55,41,One-Year,76.95397795671036,3014.752159559357,Yes
1556,Female,23,42,One-Year,45.954178317609035,3720.44671795186,No
1557,Female,25,14,One-Year,63.699588566562085,258.9728856312161,Yes
1558,Female,40,11,One-Year,79.35609353787859,3327.7164297624086,Yes
1559,Female,64,18,Month-to-Month,27.308156202701497,2708.230192162127,No
1560,Female,43,54,Month-to-Month,82.2343264617246,605.9985434877372,Yes
1561,Female,63,12,Month-to-Month,118.11778367622945,945.3669970371741,No
1562,Male,60,23,Two-Year,39.01076497837276,2883.0740568487945,Yes
1563,Male,29,12,Month-to-Month,99.25951162883833,1552.152306215113,Yes
1564,Male,43,13,One-Year,110.78987937796194,4697.747070391449,Yes
1565,Female,30,25,Month-to-Month,114.37015928202209,4111.827124471849,No
1566,Female,57,45,One-Year,116.01356044054472,4919.479311916949,No
1567,Female,79,51,Two-Year,72.14596387214719,1372.3871108570286,Yes
1568,Female,35,58,One-Year,117.73079079915037,4851.645800710087,No
1569,Male,42,19,One-Year,95.73102071344388,2213.0459619786334,Yes
1570,Male,50,55,One-Year,36.16714362369619,1802.8420970373977,No
1571,Female,64,46,Two-Year,67.69001064679699,346.7126821498309,No
1572,Male,57,36,Month-to-Month,91.8331175372004,358.54976351205283,Yes
1573,Male,77,45,Month-to-Month,44.73403158190833,3490.8551541386078,Yes
1574,Female,60,8,Two-Year,84.06151835488873,2343.852072726737,Yes
1575,Male,29,29,One-Year,86.66004790466192,1209.955967576918,Yes
1576,Female,61,55,Month-to-Month,36.26997438085659,3108.45450099364,Yes
1577,Male,53,53,Two-Year,76.50853124527563,1339.0047794255447,No
1578,Female,65,55,Month-to-Month,97.16269109786077,2930.3955962876707,No
1579,Female,21,32,Two-Year,69.8895664535942,1860.1228602151828,Yes
1580,Female,22,51,One-Year,21.210311677610743,4135.405910397913,Yes
1581,Female,73,44,Month-to-Month,20.903846907929218,4121.411187757219,Yes
1582,Male,54,18,Two-Year,55.702934397001215,2439.0169507997666,No
1583,Female,25,6,Month-to-Month,112.6194068431782,1819.0136357415763,Yes
1584,Female,59,18,Month-to-Month,42.86767796036088,1876.5430031395633,Yes
1585,Female,66,19,Month-to-Month,83.43636888716871,4048.0011757742677,No
1586,Male,45,22,Month-to-Month,42.20758706933206,1708.0794657082988,No
1587,Female,48,37,Two-Year,52.16699896595486,1124.3909311635455,No
1588,Male,75,32,One-Year,104.8042089601484,514.9728751890034,No
1589,Female,26,56,Two-Year,92.88614422699469,2386.7962923336013,Yes
1590,Male,71,41,Two-Year,29.539927731321065,2462.447284707225,No
1591,Male,68,59,Two-Year,62.87020209864336,4220.452680974245,No
1592,Female,46,3,One-Year,22.916976364526448,1184.0696125857135,Yes
1593,Male,31,28,Month-to-Month,68.0890146603009,1966.8572409751596,Yes
1594,Female,57,10,Month-to-Month,86.24340117010681,4061.1881205790855,Yes
1595,Female,58,51,Month-to-Month,31.850262359815154,4135.755692669971,No
1596,Female,39,35,One-Year,48.888493890916564,1984.5942722959642,Yes
1597,Male,28,29,Month-to-Month,59.783662550215695,2349.707714104736,No
1598,Male,40,54,One-Year,111.95310246560497,1586.1008651614864,No
1599,Female,18,15,Month-to-Month,119.32550154229641,4669.518904254629,No
1600,Female,63,33,Month-to-Month,24.491129899561585,681.3544521337435,Yes
1601,Male,54,7,Two-Year,96.1007923495392,4675.372172707203,No
1602,Female,38,12,One-Year,57.17240664023432,3450.9456139931817,Yes
1603,Female,43,49,Two-Year,59.245818622948,2704.7035481649827,Yes
1604,Female,63,30,Two-Year,95.42649733470228,260.02939784402975,Yes
1605,Male,53,21,Two-Year,111.84264321454087,2430.4213399278406,No
1606,Male,71,31,One-Year,115.09285945025483,2097.965714513388,No
1607,Male,40,58,One-Year,77.71225860383208,889.9721786781005,No
1608,Female,74,24,Month-to-Month,55.71211593005028,3316.407057153219,Yes
1609,Female,18,20,Two-Year,98.75490858587793,4858.6394461046,No
1610,Female,71,37,Month-to-Month,45.100138326230024,2854.725174216173,No
1611,Male,72,4,Two-Year,76.40740288335178,3602.2910545753343,No
1612,Female,68,28,One-Year,55.85784615248732,435.4072175734822,No
1613,Female,57,44,One-Year,85.66310737078761,2146.5682795032744,No
1614,Female,32,20,One-Year,44.03989128935069,670.1565773060298,Yes
1615,Female,38,24,Two-Year,39.159294573482576,3102.699594128901,Yes
1616,Male,64,50,One-Year,111.8239086675437,4698.562575249358,Yes
1617,Male,26,49,Two-Year,30.180368294953688,3342.710889111029,Yes
1618,Female,70,51,Month-to-Month,70.59579077349316,476.3349367406655,No
1619,Male,26,32,Two-Year,42.08527829630089,1837.8644044269058,Yes
1620,Male,27,41,Month-to-Month,23.892996332566746,2798.2505592601724,No
1621,Female,69,36,Two-Year,23.601881829142638,2075.718005052936,Yes
1622,Female,74,58,Month-to-Month,37.52217721058273,4184.855651328344,Yes
1623,Male,70,53,One-Year,106.67703545060003,4091.887923078947,Yes
1624,Female,43,34,Month-to-Month,48.24787439770267,3097.971998505785,No
1625,Male,58,36,One-Year,115.04591705752958,1929.9439311502558,No
1626,Female,52,2,One-Year,78.16222929891936,1351.1482314398963,Yes
1627,Male,69,15,Month-to-Month,63.66141897687661,618.7841592443336,No
1628,Female,42,34,Two-Year,78.00888346694546,1838.9986490841147,Yes
1629,Male,43,36,Two-Year,71.66983852262678,2124.5453343178256,Yes
1630,Male,28,6,Two-Year,95.87762537573252,3411.5323330099604,Yes
1631,Male,55,39,Two-Year,48.24960659728522,3324.98313905811,No
1632,Female,19,42,Two-Year,55.30503916003024,443.529884242159,Yes
1633,Male,24,51,One-Year,109.40943025332507,2036.7706456126732,Yes
1634,Male,35,51,Two-Year,114.64565131504055,990.7164493650733,Yes
1635,Female,44,58,One-Year,109.25582274864745,868.3822560523479,No
1636,Female,51,54,One-Year,61.94479939573136,4153.780533712505,Yes
1637,Male,44,12,One-Year,98.03655030068816,305.3845619096619,No
1638,Male,34,3,Month-to-Month,67.63357333010988,2153.9960919203945,Yes
1639,Female,60,45,Month-to-Month,69.75398521461022,924.1979132559392,No
1640,Female,76,18,One-Year,40.46801090572839,4408.718056824523,Yes
1641,Female,61,40,Month-to-Month,79.11303032585164,2829.4985150476723,Yes
1642,Female,76,21,Two-Year,38.613589775334795,1233.7651182465554,No
1643,Female,68,15,Two-Year,53.15646990671938,2561.8937071152445,No
1644,Male,71,33,One-Year,105.50302016199352,3684.2831625452677,Yes
1645,Female,41,35,Two-Year,40.70758092108552,4794.778243705226,No
1646,Male,42,26,One-Year,27.11582851734328,1180.1854208025527,Yes
1647,Male,24,8,One-Year,26.900759261281628,4442.290683433791,Yes
1648,Male,69,36,Two-Year,114.07845205031079,4678.090159420703,Yes
1649,Female,23,48,Month-to-Month,70.69204379618347,4590.460668207124,No
1650,Male,70,30,Two-Year,60.941207181701834,3213.5303486233583,Yes
1651,Male,41,23,Two-Year,101.08785810079185,3186.1212067300676,No
1652,Female,50,42,One-Year,103.5825927910516,2075.7321026007317,Yes
1653,Male,66,44,One-Year,53.21910331156046,3786.7496232885605,No
1654,Male,46,14,One-Year,89.36180574737952,2703.3406899195666,No
1655,Female,60,14,One-Year,97.11228158518865,3419.446549018643,Yes
1656,Male,39,2,Month-to-Month,85.46506868659546,2199.4437288590975,No
1657,Male,43,55,Month-to-Month,35.159507480009935,3684.3326738113815,Yes
1658,Male,45,37,Month-to-Month,107.5883083517057,4139.91043626229,Yes
1659,Female,67,5,One-Year,73.90945527360087,817.537657353799,Yes
1660,Female,38,38,One-Year,48.24724263700037,4181.355606313717,Yes
1661,Female,66,45,One-Year,62.52281854376939,2747.4530057725055,Yes
1662,Male,24,41,Month-to-Month,23.75710903989074,4238.862954542099,No
1663,Male,34,54,One-Year,32.786680122241755,2213.3783610709716,Yes
1664,Female,37,47,Two-Year,96.55467505158609,1957.2983783768716,No
1665,Male,58,14,Two-Year,20.001163475536615,4583.79758933439,No
1666,Male,66,56,One-Year,61.65658284822922,1330.7294109871664,Yes
1667,Female,37,39,Two-Year,72.25101810855884,4236.640393902101,No
1668,Female,71,25,Two-Year,25.46344200009723,2471.70080529608,Yes
1669,Male,39,20,Month-to-Month,117.30781629723329,2619.0676685011726,No
1670,Male,45,2,One-Year,42.61253312496719,1611.4945792984718,No
1671,Male,78,39,One-Year,50.41987196362808,2907.906783033177,No
1672,Female,57,6,Month-to-Month,50.39425122550273,1693.5348617534355,Yes
1673,Female,66,17,Two-Year,43.04166621173499,292.42012978409633,No
1674,Female,24,59,Two-Year,20.147382208631143,1432.7931661873447,Yes
1675,Female,18,25,One-Year,92.93447940879963,131.25731269229433,No
1676,Male,49,57,Two-Year,116.68454997992853,4893.938456578598,No
1677,Female,30,28,Month-to-Month,42.4293483285045,4832.161328116763,No
1678,Female,47,2,Month-to-Month,86.30471918034225,2036.2609576142947,No
1679,Female,40,35,One-Year,94.18963269587151,3669.0171862642655,Yes
1680,Female,68,37,Month-to-Month,104.84253790905247,1794.4498822110825,Yes
1681,Female,76,5,Month-to-Month,62.262919701360914,3388.356469721283,No
1682,Male,73,1,One-Year,50.29309056404293,4046.6072109252977,No
1683,Male,36,40,Month-to-Month,52.52951340230311,4739.10559899198,Yes
1684,Female,79,12,Month-to-Month,91.26213330985128,2061.040151663393,Yes
1685,Male,49,56,Month-to-Month,101.6779466505636,3938.160116484634,Yes
1686,Female,47,36,Two-Year,38.161396775660265,1403.049408097382,Yes
1687,Female,46,45,One-Year,57.09410081577652,4952.628288588877,No
1688,Male,66,23,One-Year,110.19401967491501,226.2710339453206,No
1689,Male,62,47,One-Year,100.66935196947392,3057.2911518554924,Yes
1690,Female,46,31,Two-Year,118.48584027624759,3331.579310091503,Yes
1691,Female,47,11,Two-Year,95.42482596820807,3471.4232296632313,Yes
1692,Female,33,10,One-Year,59.319520102792225,689.8991360665361,Yes
1693,Male,57,3,Two-Year,79.06378339946377,4698.795939018339,Yes
1694,Female,36,54,One-Year,86.10142542473203,987.7980673454057,Yes
1695,Female,35,14,Two-Year,27.845581631712395,3151.491675875221,No
1696,Female,18,16,Month-to-Month,74.44969591038651,1191.1127877031163,No
1697,Male,31,10,Month-to-Month,90.93208284726096,1605.3604434042275,No
1698,Female,68,29,One-Year,36.73213040010604,2777.646854467809,Yes
1699,Female,64,10,Two-Year,98.06317174255571,2144.247750966425,Yes
1700,Male,67,12,Two-Year,78.37727805141117,885.1054447848808,Yes
1701,Female,19,30,Month-to-Month,115.22217856975946,937.5883718621566,No
1702,Female,71,41,Month-to-Month,24.242229820689168,2148.909461997718,Yes
1703,Male,45,1,Two-Year,46.5326137555467,3810.6865935499536,Yes
1704,Female,66,5,Two-Year,80.15538792998241,4500.026769554164,No
1705,Male,67,20,Two-Year,49.655991220593066,512.2255450709758,Yes
1706,Male,47,8,Two-Year,91.44241640712423,2026.209147041065,No
1707,Female,55,43,Two-Year,95.9005282521931,591.2032622420954,No
1708,Female,68,12,Two-Year,30.251596406647444,181.30315509972962,Yes
1709,Female,21,1,One-Year,71.38544642067677,3342.4215449553876,No
1710,Female,18,57,Two-Year,70.88905555910559,3052.0022656362803,Yes
1711,Male,25,54,Month-to-Month,56.92807702155411,898.7936576929424,No
1712,Female,46,20,One-Year,113.29248625696721,1245.682882156014,Yes
1713,Male,72,28,Two-Year,102.75063198732212,216.16799285814005,No
1714,Female,56,57,Month-to-Month,89.72093819096368,4191.241307902578,Yes
1715,Female,20,43,One-Year,91.43266357349975,4875.983920637902,No
1716,Female,49,37,Month-to-Month,66.17161438131191,763.7517302939849,No
1717,Male,27,47,Two-Year,112.09945210965759,1234.2285474499608,No
1718,Female,27,37,Two-Year,89.45954272532853,4355.206667339977,Yes
1719,Female,36,12,Two-Year,92.89810616558164,4639.672609985306,Yes
1720,Female,63,37,Two-Year,106.16909037873452,2156.1741757533705,No
1721,Female,51,49,One-Year,47.4071589342191,348.0501141184632,Yes
1722,Male,77,49,One-Year,100.7070903866703,293.01998509481507,No
1723,Female,50,56,Month-to-Month,39.52406029564921,2912.3543437381513,Yes
1724,Male,40,44,Two-Year,54.53419522448878,2025.1860335765773,No
1725,Male,72,56,Month-to-Month,53.56104542698427,240.39689513050712,Yes
1726,Male,45,28,One-Year,117.85254683891405,2957.936722331528,No
1727,Male,49,47,Two-Year,105.65372237479268,155.3824292862101,No
1728,Male,67,15,Two-Year,90.11698615902597,3958.1225949314376,No
1729,Male,24,6,One-Year,92.70567616153902,1601.5208312465206,No
1730,Female,46,44,One-Year,76.20727944025711,297.26421474523727,Yes
1731,Male,25,59,One-Year,114.70906671085191,2982.925882817451,No
1732,Male,18,20,One-Year,69.62587528823616,2048.653630721968,Yes
1733,Male,74,50,One-Year,58.05177098698945,4871.622025450032,Yes
1734,Female,72,14,Two-Year,36.303533693159096,2766.5734462681407,No
1735,Female,20,2,One-Year,98.6205652261058,1448.6719870813406,Yes
1736,Male,41,9,Two-Year,93.44439320755914,3576.250436706476,Yes
1737,Female,40,37,Two-Year,58.43550385241349,1430.3108124592854,Yes
1738,Male,76,20,One-Year,22.519341395922936,4530.792127897069,No
1739,Male,78,26,One-Year,103.89973277180107,1936.1376554861445,Yes
1740,Female,25,29,Two-Year,21.141798345407363,2794.3559576034054,Yes
1741,Male,71,1,One-Year,90.3699779629051,347.8082087387214,No
1742,Female,74,55,One-Year,117.02571097260571,2187.994065965931,No
1743,Female,64,35,One-Year,63.766132814820345,4178.581344338875,Yes
1744,Male,54,6,Month-to-Month,43.497340499595275,4047.6791462803753,No
1745,Male,20,37,Two-Year,90.48710100433817,1199.1609383822786,Yes
1746,Female,68,53,Month-to-Month,101.71281420155852,1207.787447951757,Yes
1747,Male,50,59,One-Year,74.64303160778474,4104.79602984486,Yes
1748,Male,45,5,Month-to-Month,116.70352752561462,4658.952258829695,No
1749,Male,64,33,One-Year,25.16687216579611,567.2685142377175,Yes
1750,Female,25,49,Month-to-Month,70.47955983045281,2305.287333188504,No
1751,Female,51,51,One-Year,91.845394732255,1753.525966924722,No
1752,Male,52,14,Month-to-Month,106.2640471149179,4366.373431741453,Yes
1753,Female,49,12,Month-to-Month,37.92556119077901,509.27208193209196,No
1754,Female,41,42,Month-to-Month,100.00034817636814,1134.5171185343834,No
1755,Female,31,20,Two-Year,75.27070757185453,3787.094854173822,No
1756,Female,49,53,Month-to-Month,59.65536819899632,351.33986000795636,No
1757,Female,73,50,Two-Year,33.17150285790936,2513.4233655000176,No
1758,Male,63,24,One-Year,106.52957589089124,2266.324469930628,Yes
1759,Male,60,59,Month-to-Month,35.72732081797153,1738.5657770448684,No
1760,Male,33,43,One-Year,50.97878592090993,2033.4043450627266,Yes
1761,Female,21,34,One-Year,49.00455319624369,2696.7088759581416,Yes
1762,Female,69,25,Month-to-Month,107.14140341908544,890.7000561030773,Yes
1763,Male,54,50,Two-Year,87.2702994208898,2902.7798035896044,Yes
1764,Female,71,29,Month-to-Month,99.66813971913723,4046.6184135699327,Yes
1765,Male,38,57,One-Year,45.0467898792499,3824.7885559717793,Yes
1766,Male,31,39,One-Year,82.48740996069989,854.1095329994911,No
1767,Male,48,31,Month-to-Month,77.17459831437486,831.3224017332221,No
1768,Female,72,56,Two-Year,103.28303767882711,1414.0544019500753,No
1769,Female,65,47,Two-Year,110.60870604812605,1869.2661590710823,Yes
1770,Male,35,43,One-Year,21.21567714773868,2101.4323489015646,No
1771,Male,24,50,One-Year,87.40199190587927,3430.5163624833917,No
1772,Male,27,23,Two-Year,25.183579911972902,377.7341176125935,No
1773,Male,24,44,Month-to-Month,74.88586650773559,269.8962507077253,Yes
1774,Female,50,38,One-Year,48.763272904367824,2020.3617584251542,No
1775,Female,40,20,Two-Year,50.67765995221412,3516.1020914761043,Yes
1776,Male,38,23,One-Year,55.29585034523566,1047.8331804867646,No
1777,Male,36,45,Month-to-Month,82.12924490496101,3243.3719581556334,Yes
1778,Female,65,52,Two-Year,53.40499656687692,1373.1578759074673,Yes
1779,Female,78,16,One-Year,93.26990505902803,4441.82193318623,Yes
1780,Male,36,50,Month-to-Month,60.45273855738697,4488.880726906421,No
1781,Male,53,42,One-Year,26.83532003099586,1556.7073009784997,No
1782,Male,46,55,Month-to-Month,98.37598424841073,1226.9693944198784,Yes
1783,Female,77,8,Month-to-Month,48.5758324592706,2115.389463124533,No
1784,Female,35,50,Two-Year,63.276687959926264,1278.6047673827288,Yes
1785,Female,19,21,Month-to-Month,88.54438832219016,3394.680832129348,Yes
1786,Male,18,1,One-Year,53.2456157148712,4147.7169542865995,No
1787,Male,64,55,Month-to-Month,25.658565614671563,3398.151441464963,No
1788,Female,22,8,Month-to-Month,57.39210470128136,4139.317191521812,No
1789,Female,37,29,Two-Year,114.44485826943034,2045.2615948166233,Yes
1790,Male,28,32,Month-to-Month,84.17343972985582,865.9531564734182,Yes
1791,Female,59,38,Month-to-Month,87.1479148667207,3715.9596422482014,No
1792,Female,19,5,One-Year,83.22821536376398,1866.325075193614,Yes
1793,Male,20,47,Two-Year,39.899213895943674,3389.227043622749,No
1794,Female,40,22,Two-Year,61.833386410228016,1426.1553157106518,Yes
1795,Male,72,47,Two-Year,95.09397983633183,498.0252105526961,No
1796,Male,29,34,Month-to-Month,30.137289755315916,4963.650797890041,No
1797,Male,37,1,Two-Year,47.78527760897123,865.3873888599364,Yes
1798,Male,22,55,Month-to-Month,47.63191084658536,4943.262870421057,No
1799,Male,54,55,Month-to-Month,63.2018927594506,4888.671669575591,No
1800,Male,55,26,One-Year,118.0368740942185,3989.708709149394,Yes
1801,Male,47,43,One-Year,26.750254668382194,3331.172514201788,No
1802,Female,26,10,One-Year,71.8700994380595,2931.254546230315,Yes
1803,Male,51,30,One-Year,37.93646820122105,4343.8975723513895,No
1804,Male,70,50,One-Year,117.06765454097442,1518.253655935491,Yes
1805,Female,61,18,Month-to-Month,31.33035047274642,2391.6379411758976,No
1806,Female,52,17,Month-to-Month,60.36010023615913,3135.0108498958593,No
1807,Female,69,26,Two-Year,93.78849848346061,2114.8333317605066,No
1808,Male,75,8,Month-to-Month,90.45544280274453,2194.683625042313,No
1809,Female,39,47,Month-to-Month,62.272863689393226,1718.3948707602135,Yes
1810,Male,61,40,One-Year,54.652416795271826,2864.7359017542267,Yes
1811,Male,41,49,Month-to-Month,59.76123785528706,4267.815187274068,Yes
1812,Male,34,12,One-Year,46.42762631586393,1087.4890522309329,Yes
1813,Male,27,27,Two-Year,40.533293870679984,4678.721889891863,Yes
1814,Female,47,8,Two-Year,68.303969755889,3476.5295033663256,Yes
1815,Female,73,25,Month-to-Month,46.853375606760736,4134.038742132148,Yes
1816,Male,76,46,Two-Year,48.74616648972501,2825.334393887057,No
1817,Male,63,4,Month-to-Month,85.67560634745571,3919.631836977911,No
1818,Male,40,33,Two-Year,116.85373316998923,179.38194696338934,No
1819,Female,49,1,One-Year,80.3637200559375,4110.064081419723,No
1820,Male,34,19,One-Year,27.69794670649663,296.68040951829596,Yes
1821,Male,67,31,One-Year,27.558361385406698,4460.575544178027,Yes
1822,Female,68,16,One-Year,115.1423220845566,4960.617461469352,Yes
1823,Female,34,14,Month-to-Month,49.72907903073336,1540.9305646662112,No
1824,Male,31,53,Two-Year,29.206698608247542,1130.560925800389,Yes
1825,Female,26,48,Month-to-Month,79.90445871503815,3850.2804829043994,No
1826,Female,57,5,One-Year,82.36487782902661,1339.8290705092409,Yes
1827,Male,19,41,Month-to-Month,84.85048201186882,4341.255677543797,Yes
1828,Female,62,26,Two-Year,46.74020278575413,603.9287015716359,Yes
1829,Male,42,28,Month-to-Month,21.511068421447504,717.1804622588554,Yes
1830,Female,56,2,Two-Year,116.50153694544719,4897.842619993016,No
1831,Male,26,50,Month-to-Month,45.08930456911025,3401.810601523023,No
1832,Male,71,6,Two-Year,87.60262880525475,4249.747399701869,Yes
1833,Male,39,9,Two-Year,90.66298698787095,1689.2139490224383,No
1834,Female,60,33,One-Year,81.00074170794858,3414.7703726509617,Yes
1835,Male,63,41,Two-Year,51.29073942136482,3011.7849538121263,Yes
1836,Female,21,25,One-Year,47.109625376406576,3055.4355886024405,Yes
1837,Male,43,48,One-Year,79.76682827027031,3444.409051734836,Yes
1838,Male,75,13,One-Year,106.60956336116915,2919.259948332583,No
1839,Female,46,9,Month-to-Month,114.67337289233956,2202.4056095830633,Yes
1840,Male,62,53,Month-to-Month,30.590580440375764,1452.0212024646796,Yes
1841,Male,51,13,Month-to-Month,35.48286125977199,3866.04852147469,No
1842,Female,40,31,Month-to-Month,114.47362587830797,1208.7349070156124,Yes
1843,Male,54,41,Two-Year,93.65352283347926,3492.5361001566293,No
1844,Male,28,11,Two-Year,108.29938248297731,1243.3308309817005,Yes
1845,Male,23,4,Month-to-Month,40.26326341353432,3164.117832776824,Yes
1846,Male,35,34,Two-Year,78.75858711094018,3760.6835089322417,Yes
1847,Female,38,38,Two-Year,90.11395944174737,1171.6980556420422,Yes
1848,Female,59,46,One-Year,88.01118854469726,393.7221742204106,Yes
1849,Male,53,4,One-Year,60.81516908666981,741.771340671453,Yes
1850,Female,58,38,One-Year,21.539489169130846,3069.3851396280247,No
1851,Male,55,19,One-Year,78.2926056804263,4262.287390506104,Yes
1852,Female,51,6,Two-Year,45.310153917960875,320.4844240535794,No
1853,Male,34,34,Month-to-Month,65.02542461428904,3697.3411693040666,No
1854,Male,54,18,Two-Year,115.75810150838173,1772.4613651552554,Yes
1855,Male,42,13,Two-Year,59.903531764243475,2444.7890126056604,No
1856,Male,55,41,Two-Year,103.98016066644267,4651.411794243271,Yes
1857,Male,75,23,One-Year,38.854060574925114,1726.6603732056428,No
1858,Male,29,19,One-Year,87.24604980250288,2380.1509763034815,Yes
1859,Female,40,45,One-Year,117.70069544389435,167.0438323273374,No
1860,Male,70,11,Month-to-Month,30.189310087293677,499.833728023708,No
1861,Female,59,1,Two-Year,20.831994222719203,1367.0987965604418,Yes
1862,Male,39,24,Month-to-Month,63.35827926326144,236.47598002326458,No
1863,Female,38,54,One-Year,29.26254830513672,3193.73909763643,Yes
1864,Female,44,7,Month-to-Month,94.83843496762313,2189.3519483279506,Yes
1865,Female,74,25,Two-Year,111.45486638485589,2785.911493367308,Yes
1866,Male,48,21,Two-Year,63.402097270875885,955.7712108920148,Yes
1867,Male,23,15,One-Year,45.8711642155441,1550.066944239419,Yes
1868,Female,44,1,One-Year,63.44033190066098,3352.739926778353,No
1869,Male,57,12,Month-to-Month,92.3447817850001,4829.983345788959,No
1870,Female,51,58,One-Year,20.9054161580371,347.0421906508251,No
1871,Male,29,7,One-Year,78.94539894846972,4462.883172190804,Yes
1872,Female,62,15,Two-Year,81.3291684887379,2926.7178864249213,No
1873,Female,74,21,One-Year,83.76882468959354,2863.2058771025563,No
1874,Male,70,19,One-Year,44.20220799808772,2551.3648225180254,No
1875,Female,24,29,Two-Year,91.40527233781268,440.0310209304986,No
1876,Male,27,25,Two-Year,29.13914863317764,540.3965735071872,No
1877,Female,62,33,Month-to-Month,39.92703364668008,3044.4688277295218,Yes
1878,Female,34,49,One-Year,107.74700466544819,1770.6970000342358,Yes
1879,Male,43,32,Two-Year,93.87231507265663,4594.613526230635,No
1880,Male,38,49,Month-to-Month,21.374555401134526,2092.293633061414,Yes
1881,Male,45,35,Month-to-Month,44.83762603698002,802.0791476429413,Yes
1882,Female,79,44,One-Year,41.44064829931646,3602.1222841599765,No
1883,Male,75,38,One-Year,47.080632803697256,1537.4317650609482,No
1884,Female,63,26,Month-to-Month,44.75597702798864,2674.8045060438767,Yes
1885,Female,19,11,Two-Year,26.252629574284576,3519.3806489753333,No
1886,Male,77,35,Month-to-Month,65.89405165968203,4511.294144890145,Yes
1887,Male,71,8,One-Year,93.27334747861651,3981.736854528213,Yes
1888,Female,60,46,Two-Year,80.67317247174364,3414.169232576348,No
1889,Female,18,14,Two-Year,87.28716685980798,3430.2025937362037,Yes
1890,Male,68,10,Month-to-Month,28.114917853623915,4735.030755757224,Yes
1891,Male,70,2,One-Year,115.14907101767872,1549.5380777330265,Yes
1892,Male,53,46,Month-to-Month,103.84918338430248,105.4492615613183,No
1893,Male,68,9,Month-to-Month,100.50903184956627,1432.5773410511736,No
1894,Male,43,3,Month-to-Month,102.29838050417675,1167.6677601710455,No
1895,Female,46,21,Two-Year,113.27105081327613,3342.989467058591,No
1896,Female,38,26,Two-Year,74.42539661136976,3205.1868388510925,Yes
1897,Female,28,8,One-Year,40.028201786762594,3007.9607752531465,No
1898,Female,57,48,One-Year,81.67836078525411,179.59287172632315,No
1899,Male,28,2,Month-to-Month,94.2881493667939,3671.0124668081726,No
1900,Male,53,6,Month-to-Month,93.79173933540254,1685.2990211789086,No
1901,Male,66,28,Month-to-Month,72.14490241668801,3358.7743461324926,Yes
1902,Female,76,53,One-Year,26.845871933357806,2827.234299660551,Yes
1903,Female,56,29,Two-Year,57.11129384301278,1779.381534596745,Yes
1904,Male,57,26,Two-Year,112.07666084633573,759.423708810128,No
1905,Male,52,25,Month-to-Month,78.4448909757426,562.6525985363567,No
1906,Female,71,12,Month-to-Month,73.83319432557134,4174.4398322498955,Yes
1907,Female,51,5,Month-to-Month,46.88535143821935,4600.147956199634,No
1908,Male,72,34,Month-to-Month,56.84489199165789,3283.961429145068,No
1909,Male,64,48,One-Year,109.53460891531692,606.8271628163685,Yes
1910,Female,41,37,Two-Year,86.64630475268358,2069.9333627523793,Yes
1911,Male,71,15,Month-to-Month,98.73870267523328,3671.8020805152705,No
1912,Male,39,44,One-Year,65.43454230676551,3921.122331649334,No
1913,Male,22,36,Month-to-Month,83.0247219456158,679.2712492263341,No
1914,Female,73,15,Month-to-Month,44.838360874320756,100.15052234237383,Yes
1915,Female,50,43,Two-Year,90.54608302834863,3589.4715248149646,Yes
1916,Female,75,48,Month-to-Month,62.76013337033373,1847.3212623324075,Yes
1917,Female,53,23,Two-Year,64.25455148147455,1346.9585249294753,Yes
1918,Female,64,6,Two-Year,84.93223245768817,163.19760196867466,No
1919,Female,37,46,Two-Year,113.62806214689266,2747.4670931313485,Yes
1920,Female,36,50,One-Year,26.400634660862092,4270.63860358731,Yes
1921,Male,52,44,One-Year,102.47432373470076,4792.39506673568,No
1922,Male,69,59,Two-Year,49.23831104121931,2872.1502580051174,No
1923,Male,60,43,Month-to-Month,64.39194545063779,2620.8605059254814,No
1924,Male,34,45,Two-Year,22.191332877500894,516.7762888972813,Yes
1925,Male,79,21,Month-to-Month,50.104607783431305,2789.4767275587387,No
1926,Male,76,23,Two-Year,70.26312426301305,1961.8974869304336,No
1927,Male,62,43,Month-to-Month,25.6176077347439,3074.962876329527,Yes
1928,Female,60,55,One-Year,69.10957293831652,2004.7591045950787,Yes
1929,Female,51,16,Month-to-Month,112.71106288584274,1277.465704906797,No
1930,Male,26,47,Two-Year,30.53932181078052,565.3298486190449,Yes
1931,Male,43,53,One-Year,96.44407280755044,1643.100378485589,No
1932,Female,19,15,Month-to-Month,60.967105337599264,573.5596880099862,No
1933,Male,70,25,Month-to-Month,85.5173714524338,966.7950590375212,Yes
1934,Male,26,36,Month-to-Month,46.023659798522935,4937.947177039775,No
1935,Female,26,11,Month-to-Month,35.94922625413583,2276.107428842431,Yes
1936,Male,57,51,Month-to-Month,36.046261427122644,2706.171655874581,Yes
1937,Female,34,15,One-Year,27.049194564314465,4380.730790812355,Yes
1938,Male,18,4,One-Year,38.5646704901243,4978.2876124043705,No
1939,Female,42,21,One-Year,86.42193849889682,2955.3008017889397,Yes
1940,Female,78,13,One-Year,108.16906118435081,4081.121723116441,Yes
1941,Female,60,22,Two-Year,101.41256855911618,1702.0110192497089,No
1942,Male,57,19,One-Year,88.51343098744842,1598.1453914917265,No
1943,Female,59,34,Month-to-Month,31.043186341110268,2073.248232873345,No
1944,Male,42,14,Month-to-Month,48.91874462959498,3395.2855871008805,No
1945,Male,56,4,One-Year,50.9806875322469,3442.739277349984,Yes
1946,Male,52,48,Month-to-Month,44.99569463976212,1644.673229782309,Yes
1947,Male,20,53,One-Year,71.5005659709723,752.7286282694806,Yes
1948,Female,67,52,Month-to-Month,73.55538148796725,3198.741656680992,No
1949,Female,54,46,Two-Year,55.68859751711102,728.7967247249461,No
1950,Male,61,27,Two-Year,55.3789158736436,2934.613290323717,Yes
1951,Male,61,29,One-Year,102.85555979060814,3497.768427475914,No
1952,Female,68,47,One-Year,98.92928483196856,3532.996332332813,No
1953,Male,47,28,One-Year,50.779583168074566,3792.013342232024,Yes
1954,Female,55,35,Month-to-Month,111.37884438732593,4377.011165671756,Yes
1955,Male,51,8,One-Year,115.2815017002506,2549.7990606274634,No
1956,Male,29,16,Two-Year,52.67425420300408,3678.221028694899,No
1957,Female,36,42,Month-to-Month,55.442494879305485,3133.9464032926,No
1958,Male,54,36,One-Year,70.56341534219588,1014.5357050086445,Yes
1959,Female,61,30,Month-to-Month,114.11208125336735,225.87925986010003,Yes
1960,Male,76,18,Month-to-Month,107.63194331423115,1494.2527898169756,Yes
1961,Male,76,2,One-Year,30.256796258358982,2270.865161054335,Yes
1962,Male,66,49,Month-to-Month,59.27307432714162,3123.8191277004157,Yes
1963,Female,78,13,Two-Year,75.33711897497719,4264.800719465707,No
1964,Male,34,4,Two-Year,70.31324725515401,1061.6040118602116,No
1965,Male,27,26,Month-to-Month,39.38630679368927,715.1939705025378,No
1966,Male,74,25,One-Year,105.88167711681547,4821.051742624205,Yes
1967,Male,72,30,Month-to-Month,87.69407829968374,629.4183409443948,Yes
1968,Female,66,11,Two-Year,103.79083748518036,2444.606243525227,Yes
1969,Female,64,7,Month-to-Month,105.87642793494722,2969.262271087179,No
1970,Male,29,31,Month-to-Month,94.83558536657398,2752.7346624464476,Yes
1971,Female,79,44,Two-Year,63.92106012497173,521.5575694614217,Yes
1972,Male,33,10,Month-to-Month,81.05467550154245,379.4318786177349,No
1973,Male,41,39,Month-to-Month,36.03654061197432,616.8687945590748,Yes
1974,Male,36,13,One-Year,87.36454174749078,2969.3796509758013,No
1975,Female,25,31,One-Year,37.92532557392808,2767.2899494081735,Yes
1976,Female,48,7,Two-Year,89.39495905101568,1245.3298809800467,Yes
1977,Female,38,56,Two-Year,42.959816075396866,3225.0932950433985,No
1978,Female,34,49,Two-Year,31.755130015021997,4118.330760072682,No
1979,Female,40,42,One-Year,36.528449014295745,303.73690324830943,No
1980,Female,54,42,Two-Year,20.199213521907026,2540.836723385408,No
1981,Female,71,56,Two-Year,91.87396178535302,3477.6210193031825,No
1982,Female,33,36,Two-Year,93.24010490583791,1336.3284426414666,No
1983,Female,23,20,One-Year,71.49333499132595,1608.0774359364307,Yes
1984,Male,25,4,Month-to-Month,36.13628010553837,3106.8257246479807,Yes
1985,Female,42,54,Two-Year,28.355433751068976,4499.882937874311,No
1986,Female,35,7,Month-to-Month,21.9128966437287,4068.629659484207,Yes
1987,Female,42,54,Two-Year,36.574817696522075,2957.338073587959,No
1988,Female,29,1,Month-to-Month,109.08555349831467,3678.086417010521,Yes
1989,Female,32,44,One-Year,44.15368417016818,1887.6301040182136,No
1990,Female,76,56,One-Year,55.42713272172156,3240.731087683913,Yes
1991,Female,43,45,Two-Year,30.534548448133318,2384.289796525029,Yes
1992,Female,58,42,Month-to-Month,42.23613047481703,1030.6870686420484,Yes
1993,Female,62,47,One-Year,71.92245707802051,3538.5175419985603,Yes
1994,Female,43,59,Two-Year,80.77526830956526,2826.6767230092278,Yes
1995,Female,64,13,Two-Year,44.5352314166211,1857.2457515725978,No
1996,Male,49,55,One-Year,25.77321592251172,4565.5620313852905,No
1997,Male,27,22,One-Year,59.10328691273987,202.577177350993,No
1998,Female,33,54,Two-Year,43.42033709263342,1647.2884411225305,Yes
1999,Female,24,21,Month-to-Month,41.955392322980195,378.7188491104681,No
2000,Male,34,22,Month-to-Month,115.98628027134552,3855.983849485973,Yes
